portfolio_id,portfolio_version,valuation_currency,as_of,snapshot_id,schema_version,generator_version,seed,source_reference,source_terms,evidence_kind,position_id,asset_type,notional,notional_unit,currency,sector,region,obligor,rating,maturity_date,factor_exposures,factor_units,sensitivity_units,content_hash
synthetic-wholesale-global-v1,synthetic-portfolio-v1,USD,2026-10-04T00:00:00Z,synthetic-portfolio-20261004-v1,synthetic-portfolio-csv-v1,synthetic-portfolio-generator-v1,20261004,scripts/generate_synthetic_portfolio.py,MIT; project-authored synthetic data,synthetic,SYN-001,loan,3929434.00,USD base market value,USD,Financials,United States,Synthetic United States Obligor 001,AAA,2027-10-04,"{""convexity:RATE-USD"":""2"",""cs01:CREDIT-SPREAD"":""-1809"",""duration:RATE-USD"":""1"",""ead"":""3929434.00"",""lgd"":""0.42""}","{""CREDIT-SPREAD"":""basis_point"",""DEFAULT"":""decimal"",""RATE-USD"":""basis_point""}","{""convexity:RATE-USD"":""years_squared"",""cs01:CREDIT-SPREAD"":""USD/basis_point"",""duration:RATE-USD"":""years"",""ead"":""USD"",""lgd"":""decimal""}",404a513697a5c0460aa6785583439d097e4bf96b7478671013b4e1d1c890cead
synthetic-wholesale-global-v1,synthetic-portfolio-v1,USD,2026-10-04T00:00:00Z,synthetic-portfolio-20261004-v1,synthetic-portfolio-csv-v1,synthetic-portfolio-generator-v1,20261004,scripts/generate_synthetic_portfolio.py,MIT; project-authored synthetic data,synthetic,SYN-002,bond,9776987.00,USD base market value,USD,Technology,United States,Synthetic United States Obligor 002,AA,2030-10-04,"{""convexity:RATE-USD"":""16.56"",""cs01:CREDIT-SPREAD"":""-719"",""duration:RATE-USD"":""3.6"",""ead"":""9776987.00"",""lgd"":""0.55""}","{""CREDIT-SPREAD"":""basis_point"",""DEFAULT"":""decimal"",""RATE-USD"":""basis_point""}","{""convexity:RATE-USD"":""years_squared"",""cs01:CREDIT-SPREAD"":""USD/basis_point"",""duration:RATE-USD"":""years"",""ead"":""USD"",""lgd"":""decimal""}",0ddf45ae3bf9bb34284ccd6d7a5be611b906be21c540f89ce7c66c43bb66bfba
synthetic-wholesale-global-v1,synthetic-portfolio-v1,USD,2026-10-04T00:00:00Z,synthetic-portfolio-20261004-v1,synthetic-portfolio-csv-v1,synthetic-portfolio-generator-v1,20261004,scripts/generate_synthetic_portfolio.py,MIT; project-authored synthetic data,synthetic,SYN-003,derivative,343028.30,USD base market value,USD,Energy,United States,Synthetic United States Obligor 003,A,2033-10-04,"{""delta:COMMODITY"":""938"",""delta:EQUITY-US"":""3444"",""delta:USD-INR"":""4410"",""dv01:RATE-USD"":""-196""}","{""COMMODITY"":""absolute"",""EQUITY-US"":""index_point"",""RATE-USD"":""basis_point"",""USD-INR"":""currency""}","{""delta:COMMODITY"":""USD/absolute"",""delta:EQUITY-US"":""USD/index_point"",""delta:USD-INR"":""USD/currency"",""dv01:RATE-USD"":""USD/basis_point""}",32869772544841137e47be57ecd4d2c33c597c28e025facea926c1f6325cf762
synthetic-wholesale-global-v1,synthetic-portfolio-v1,USD,2026-10-04T00:00:00Z,synthetic-portfolio-20261004-v1,synthetic-portfolio-csv-v1,synthetic-portfolio-generator-v1,20261004,scripts/generate_synthetic_portfolio.py,MIT; project-authored synthetic data,synthetic,SYN-004,loan,5176521.00,USD base market value,USD,Technology,Europe,Synthetic Europe Obligor 004,AA,2029-10-04,"{""convexity:RATE-EUR"":""5.04"",""cs01:CREDIT-SPREAD"":""-1828"",""duration:RATE-EUR"":""1.8"",""ead"":""5176521.00"",""lgd"":""0.41""}","{""CREDIT-SPREAD"":""basis_point"",""DEFAULT"":""decimal"",""RATE-EUR"":""basis_point""}","{""convexity:RATE-EUR"":""years_squared"",""cs01:CREDIT-SPREAD"":""USD/basis_point"",""duration:RATE-EUR"":""years"",""ead"":""USD"",""lgd"":""decimal""}",a791bb95befc981afac3cdaa83ef4577f9dd6ff470ce0c7d5a84c76496718604
synthetic-wholesale-global-v1,synthetic-portfolio-v1,USD,2026-10-04T00:00:00Z,synthetic-portfolio-20261004-v1,synthetic-portfolio-csv-v1,synthetic-portfolio-generator-v1,20261004,scripts/generate_synthetic_portfolio.py,MIT; project-authored synthetic data,synthetic,SYN-005,bond,4181509.00,USD base market value,USD,Energy,Europe,Synthetic Europe Obligor 005,A,2029-10-04,"{""convexity:RATE-EUR"":""12"",""cs01:CREDIT-SPREAD"":""-1214"",""duration:RATE-EUR"":""3"",""ead"":""4181509.00"",""lgd"":""0.29""}","{""CREDIT-SPREAD"":""basis_point"",""DEFAULT"":""decimal"",""RATE-EUR"":""basis_point""}","{""convexity:RATE-EUR"":""years_squared"",""cs01:CREDIT-SPREAD"":""USD/basis_point"",""duration:RATE-EUR"":""years"",""ead"":""USD"",""lgd"":""decimal""}",40152851c8e1b3243de6ae9b699c1d0570a3de9e59b565ed47d90c86e4a92c50
synthetic-wholesale-global-v1,synthetic-portfolio-v1,USD,2026-10-04T00:00:00Z,synthetic-portfolio-20261004-v1,synthetic-portfolio-csv-v1,synthetic-portfolio-generator-v1,20261004,scripts/generate_synthetic_portfolio.py,MIT; project-authored synthetic data,synthetic,SYN-006,derivative,348516.20,USD base market value,USD,Industrials,Europe,Synthetic Europe Obligor 006,BBB,2033-10-04,"{""delta:COMMODITY"":""1256"",""delta:EQUITY-EUROPE"":""4001"",""delta:EUR-USD"":""4605"",""dv01:RATE-EUR"":""-162""}","{""COMMODITY"":""absolute"",""EQUITY-EUROPE"":""index_point"",""EUR-USD"":""currency"",""RATE-EUR"":""basis_point""}","{""delta:COMMODITY"":""USD/absolute"",""delta:EQUITY-EUROPE"":""USD/index_point"",""delta:EUR-USD"":""USD/currency"",""dv01:RATE-EUR"":""USD/basis_point""}",3037b280fad0b2abc29c4a0cc72b4ed90f774a29cc1a96fe7d1b67fca803db24
synthetic-wholesale-global-v1,synthetic-portfolio-v1,USD,2026-10-04T00:00:00Z,synthetic-portfolio-20261004-v1,synthetic-portfolio-csv-v1,synthetic-portfolio-generator-v1,20261004,scripts/generate_synthetic_portfolio.py,MIT; project-authored synthetic data,synthetic,SYN-007,loan,4840924.00,USD base market value,USD,Energy,India,Synthetic India Obligor 007,A,2031-10-04,"{""convexity:RATE-INR"":""14.96"",""cs01:CREDIT-SPREAD"":""-1711"",""duration:RATE-INR"":""3.4"",""ead"":""4840924.00"",""lgd"":""0.41""}","{""CREDIT-SPREAD"":""basis_point"",""DEFAULT"":""decimal"",""RATE-INR"":""basis_point""}","{""convexity:RATE-INR"":""years_squared"",""cs01:CREDIT-SPREAD"":""USD/basis_point"",""duration:RATE-INR"":""years"",""ead"":""USD"",""lgd"":""decimal""}",367606a63d6f41cf79f48771aeeae7868f8e0e0277e4345e00355d3351a6eea3
synthetic-wholesale-global-v1,synthetic-portfolio-v1,USD,2026-10-04T00:00:00Z,synthetic-portfolio-20261004-v1,synthetic-portfolio-csv-v1,synthetic-portfolio-generator-v1,20261004,scripts/generate_synthetic_portfolio.py,MIT; project-authored synthetic data,synthetic,SYN-008,bond,14869654.00,USD base market value,USD,Industrials,India,Synthetic India Obligor 008,BBB,2031-10-04,"{""convexity:RATE-INR"":""27.84"",""cs01:CREDIT-SPREAD"":""-1542"",""duration:RATE-INR"":""4.8"",""ead"":""14869654.00"",""lgd"":""0.26""}","{""CREDIT-SPREAD"":""basis_point"",""DEFAULT"":""decimal"",""RATE-INR"":""basis_point""}","{""convexity:RATE-INR"":""years_squared"",""cs01:CREDIT-SPREAD"":""USD/basis_point"",""duration:RATE-INR"":""years"",""ead"":""USD"",""lgd"":""decimal""}",dcce00843dc927215c3b21850c8cc179d3c580ed96631a95f34544bfb19a1494
synthetic-wholesale-global-v1,synthetic-portfolio-v1,USD,2026-10-04T00:00:00Z,synthetic-portfolio-20261004-v1,synthetic-portfolio-csv-v1,synthetic-portfolio-generator-v1,20261004,scripts/generate_synthetic_portfolio.py,MIT; project-authored synthetic data,synthetic,SYN-009,derivative,129557.20,USD base market value,USD,Infrastructure,India,Synthetic India Obligor 009,BB,2036-10-04,"{""delta:COMMODITY"":""759"",""delta:EQUITY-INDIA"":""3232"",""delta:USD-INR"":""4071"",""dv01:RATE-INR"":""-397""}","{""COMMODITY"":""absolute"",""EQUITY-INDIA"":""index_point"",""RATE-INR"":""basis_point"",""USD-INR"":""currency""}","{""delta:COMMODITY"":""USD/absolute"",""delta:EQUITY-INDIA"":""USD/index_point"",""delta:USD-INR"":""USD/currency"",""dv01:RATE-INR"":""USD/basis_point""}",b2ea026b7ba4c9718cb3b7f2748d4a68ea93cb556519fe867044ed35542fe12b
synthetic-wholesale-global-v1,synthetic-portfolio-v1,USD,2026-10-04T00:00:00Z,synthetic-portfolio-20261004-v1,synthetic-portfolio-csv-v1,synthetic-portfolio-generator-v1,20261004,scripts/generate_synthetic_portfolio.py,MIT; project-authored synthetic data,synthetic,SYN-010,loan,10116734.00,USD base market value,USD,Industrials,Asia-Pacific,Synthetic Asia-Pacific Obligor 010,BBB,2036-10-04,"{""convexity:RATE-USD"":""48.75"",""cs01:CREDIT-SPREAD"":""-683"",""duration:RATE-USD"":""6.5"",""ead"":""10116734.00"",""lgd"":""0.38""}","{""CREDIT-SPREAD"":""basis_point"",""DEFAULT"":""decimal"",""RATE-USD"":""basis_point""}","{""convexity:RATE-USD"":""years_squared"",""cs01:CREDIT-SPREAD"":""USD/basis_point"",""duration:RATE-USD"":""years"",""ead"":""USD"",""lgd"":""decimal""}",161f4799c23ebb721c98c88215028b8c462f07570480fa7789dacc1877c7e8fb
synthetic-wholesale-global-v1,synthetic-portfolio-v1,USD,2026-10-04T00:00:00Z,synthetic-portfolio-20261004-v1,synthetic-portfolio-csv-v1,synthetic-portfolio-generator-v1,20261004,scripts/generate_synthetic_portfolio.py,MIT; project-authored synthetic data,synthetic,SYN-011,bond,3199756.00,USD base market value,USD,Infrastructure,Asia-Pacific,Synthetic Asia-Pacific Obligor 011,BB,2032-10-04,"{""convexity:RATE-USD"":""31.11"",""cs01:CREDIT-SPREAD"":""-1388"",""duration:RATE-USD"":""5.1"",""ead"":""3199756.00"",""lgd"":""0.53""}","{""CREDIT-SPREAD"":""basis_point"",""DEFAULT"":""decimal"",""RATE-USD"":""basis_point""}","{""convexity:RATE-USD"":""years_squared"",""cs01:CREDIT-SPREAD"":""USD/basis_point"",""duration:RATE-USD"":""years"",""ead"":""USD"",""lgd"":""decimal""}",c927a956bf2068439180307be1d007b8f550ce30bdbb19dc7dfcd9ce971cf94d
synthetic-wholesale-global-v1,synthetic-portfolio-v1,USD,2026-10-04T00:00:00Z,synthetic-portfolio-20261004-v1,synthetic-portfolio-csv-v1,synthetic-portfolio-generator-v1,20261004,scripts/generate_synthetic_portfolio.py,MIT; project-authored synthetic data,synthetic,SYN-012,derivative,1265454.90,USD base market value,USD,Healthcare,Asia-Pacific,Synthetic Asia-Pacific Obligor 012,B,2035-10-04,"{""delta:COMMODITY"":""928"",""delta:EQUITY-ASIA"":""3569"",""delta:USD-INR"":""1496"",""dv01:RATE-USD"":""-157""}","{""COMMODITY"":""absolute"",""EQUITY-ASIA"":""index_point"",""RATE-USD"":""basis_point"",""USD-INR"":""currency""}","{""delta:COMMODITY"":""USD/absolute"",""delta:EQUITY-ASIA"":""USD/index_point"",""delta:USD-INR"":""USD/currency"",""dv01:RATE-USD"":""USD/basis_point""}",fee41ac82cfbfb3920ef698a8225d3024c0b7b5647be25e0463ebe3f548498bd
synthetic-wholesale-global-v1,synthetic-portfolio-v1,USD,2026-10-04T00:00:00Z,synthetic-portfolio-20261004-v1,synthetic-portfolio-csv-v1,synthetic-portfolio-generator-v1,20261004,scripts/generate_synthetic_portfolio.py,MIT; project-authored synthetic data,synthetic,SYN-013,loan,11243104.00,USD base market value,USD,Infrastructure,United States,Synthetic United States Obligor 013,BB,2036-10-04,"{""convexity:RATE-USD"":""78.96"",""cs01:CREDIT-SPREAD"":""-1500"",""duration:RATE-USD"":""8.4"",""ead"":""11243104.00"",""lgd"":""0.58""}","{""CREDIT-SPREAD"":""basis_point"",""DEFAULT"":""decimal"",""RATE-USD"":""basis_point""}","{""convexity:RATE-USD"":""years_squared"",""cs01:CREDIT-SPREAD"":""USD/basis_point"",""duration:RATE-USD"":""years"",""ead"":""USD"",""lgd"":""decimal""}",39afca809576d1e787b2cb5ed243e076f51d82be1edd0cd89b9508e8c8a256db
synthetic-wholesale-global-v1,synthetic-portfolio-v1,USD,2026-10-04T00:00:00Z,synthetic-portfolio-20261004-v1,synthetic-portfolio-csv-v1,synthetic-portfolio-generator-v1,20261004,scripts/generate_synthetic_portfolio.py,MIT; project-authored synthetic data,synthetic,SYN-014,bond,12635946.00,USD base market value,USD,Healthcare,United States,Synthetic United States Obligor 014,B,2031-10-04,"{""convexity:RATE-USD"":""21.84"",""cs01:CREDIT-SPREAD"":""-1568"",""duration:RATE-USD"":""4.2"",""ead"":""12635946.00"",""lgd"":""0.61""}","{""CREDIT-SPREAD"":""basis_point"",""DEFAULT"":""decimal"",""RATE-USD"":""basis_point""}","{""convexity:RATE-USD"":""years_squared"",""cs01:CREDIT-SPREAD"":""USD/basis_point"",""duration:RATE-USD"":""years"",""ead"":""USD"",""lgd"":""decimal""}",38d1d19955f2a9ab6ea5633acf8164401645a2bc16188207230a9d22c4f7dfa8
synthetic-wholesale-global-v1,synthetic-portfolio-v1,USD,2026-10-04T00:00:00Z,synthetic-portfolio-20261004-v1,synthetic-portfolio-csv-v1,synthetic-portfolio-generator-v1,20261004,scripts/generate_synthetic_portfolio.py,MIT; project-authored synthetic data,synthetic,SYN-015,derivative,771740.80,USD base market value,USD,Financials,United States,Synthetic United States Obligor 015,AAA,2034-10-04,"{""delta:COMMODITY"":""1579"",""delta:EQUITY-US"":""4347"",""delta:USD-INR"":""9855"",""gamma:COMMODITY"":""0.10"",""gamma:EQUITY-US"":""0.50"",""gamma:USD-INR"":""0.25"",""vega:VOLATILITY"":""2210""}","{""COMMODITY"":""absolute"",""EQUITY-US"":""index_point"",""USD-INR"":""currency"",""VOLATILITY"":""volatility_point""}","{""delta:COMMODITY"":""USD/absolute"",""delta:EQUITY-US"":""USD/index_point"",""delta:USD-INR"":""USD/currency"",""gamma:COMMODITY"":""USD/absolute^2"",""gamma:EQUITY-US"":""USD/index_point^2"",""gamma:USD-INR"":""USD/currency^2"",""vega:VOLATILITY"":""USD/volatility_point""}",aa2f97ab29c2c069668a8ad57044f6a5ad20e0b7c91fe3b1374ef4de4033637c
synthetic-wholesale-global-v1,synthetic-portfolio-v1,USD,2026-10-04T00:00:00Z,synthetic-portfolio-20261004-v1,synthetic-portfolio-csv-v1,synthetic-portfolio-generator-v1,20261004,scripts/generate_synthetic_portfolio.py,MIT; project-authored synthetic data,synthetic,SYN-016,loan,13580730.00,USD base market value,USD,Healthcare,Europe,Synthetic Europe Obligor 016,B,2033-10-04,"{""convexity:RATE-EUR"":""35.75"",""cs01:CREDIT-SPREAD"":""-1039"",""duration:RATE-EUR"":""5.5"",""ead"":""13580730.00"",""lgd"":""0.61""}","{""CREDIT-SPREAD"":""basis_point"",""DEFAULT"":""decimal"",""RATE-EUR"":""basis_point""}","{""convexity:RATE-EUR"":""years_squared"",""cs01:CREDIT-SPREAD"":""USD/basis_point"",""duration:RATE-EUR"":""years"",""ead"":""USD"",""lgd"":""decimal""}",8b408269c41fba7d533baced15c931c5d22790fafd00094fcc052bb39e3e56c8
synthetic-wholesale-global-v1,synthetic-portfolio-v1,USD,2026-10-04T00:00:00Z,synthetic-portfolio-20261004-v1,synthetic-portfolio-csv-v1,synthetic-portfolio-generator-v1,20261004,scripts/generate_synthetic_portfolio.py,MIT; project-authored synthetic data,synthetic,SYN-017,bond,6285587.00,USD base market value,USD,Financials,Europe,Synthetic Europe Obligor 017,AAA,2033-10-04,"{""convexity:RATE-EUR"":""2.99"",""cs01:CREDIT-SPREAD"":""-2300"",""duration:RATE-EUR"":""1.3"",""ead"":""6285587.00"",""lgd"":""0.28""}","{""CREDIT-SPREAD"":""basis_point"",""DEFAULT"":""decimal"",""RATE-EUR"":""basis_point""}","{""convexity:RATE-EUR"":""years_squared"",""cs01:CREDIT-SPREAD"":""USD/basis_point"",""duration:RATE-EUR"":""years"",""ead"":""USD"",""lgd"":""decimal""}",2b7f00393e5ad10fb2d4e2eba1cd85936b74e72a48c1dd72d628612a83110ec4
synthetic-wholesale-global-v1,synthetic-portfolio-v1,USD,2026-10-04T00:00:00Z,synthetic-portfolio-20261004-v1,synthetic-portfolio-csv-v1,synthetic-portfolio-generator-v1,20261004,scripts/generate_synthetic_portfolio.py,MIT; project-authored synthetic data,synthetic,SYN-018,derivative,1205738.30,USD base market value,USD,Technology,Europe,Synthetic Europe Obligor 018,AA,2033-10-04,"{""delta:COMMODITY"":""1446"",""delta:EQUITY-EUROPE"":""4704"",""delta:EUR-USD"":""5799"",""gamma:COMMODITY"":""0.10"",""gamma:EQUITY-EUROPE"":""0.50"",""gamma:EUR-USD"":""0.25"",""vega:VOLATILITY"":""4287""}","{""COMMODITY"":""absolute"",""EQUITY-EUROPE"":""index_point"",""EUR-USD"":""currency"",""VOLATILITY"":""volatility_point""}","{""delta:COMMODITY"":""USD/absolute"",""delta:EQUITY-EUROPE"":""USD/index_point"",""delta:EUR-USD"":""USD/currency"",""gamma:COMMODITY"":""USD/absolute^2"",""gamma:EQUITY-EUROPE"":""USD/index_point^2"",""gamma:EUR-USD"":""USD/currency^2"",""vega:VOLATILITY"":""USD/volatility_point""}",24a82ffd0b7f38e0ccee88b812cf198c544305e32840ff3a65c2e00e73c88d17
synthetic-wholesale-global-v1,synthetic-portfolio-v1,USD,2026-10-04T00:00:00Z,synthetic-portfolio-20261004-v1,synthetic-portfolio-csv-v1,synthetic-portfolio-generator-v1,20261004,scripts/generate_synthetic_portfolio.py,MIT; project-authored synthetic data,synthetic,SYN-019,loan,6048267.00,USD base market value,USD,Financials,India,Synthetic India Obligor 019,AAA,2035-10-04,"{""convexity:RATE-INR"":""2.31"",""cs01:CREDIT-SPREAD"":""-867"",""duration:RATE-INR"":""1.1"",""ead"":""6048267.00"",""lgd"":""0.34""}","{""CREDIT-SPREAD"":""basis_point"",""DEFAULT"":""decimal"",""RATE-INR"":""basis_point""}","{""convexity:RATE-INR"":""years_squared"",""cs01:CREDIT-SPREAD"":""USD/basis_point"",""duration:RATE-INR"":""years"",""ead"":""USD"",""lgd"":""decimal""}",334736da4d1c5670a611d4e3557a23c50ab3928c1d40e4b993aa02198d74b932
synthetic-wholesale-global-v1,synthetic-portfolio-v1,USD,2026-10-04T00:00:00Z,synthetic-portfolio-20261004-v1,synthetic-portfolio-csv-v1,synthetic-portfolio-generator-v1,20261004,scripts/generate_synthetic_portfolio.py,MIT; project-authored synthetic data,synthetic,SYN-020,bond,10676497.00,USD base market value,USD,Technology,India,Synthetic India Obligor 020,AA,2036-10-04,"{""convexity:RATE-INR"":""105.84"",""cs01:CREDIT-SPREAD"":""-1594"",""duration:RATE-INR"":""9.8"",""ead"":""10676497.00"",""lgd"":""0.65""}","{""CREDIT-SPREAD"":""basis_point"",""DEFAULT"":""decimal"",""RATE-INR"":""basis_point""}","{""convexity:RATE-INR"":""years_squared"",""cs01:CREDIT-SPREAD"":""USD/basis_point"",""duration:RATE-INR"":""years"",""ead"":""USD"",""lgd"":""decimal""}",7aeee30a15eedb34dcb336de4931fc9ff1e79474be02fc26c0aafb2de8176190
synthetic-wholesale-global-v1,synthetic-portfolio-v1,USD,2026-10-04T00:00:00Z,synthetic-portfolio-20261004-v1,synthetic-portfolio-csv-v1,synthetic-portfolio-generator-v1,20261004,scripts/generate_synthetic_portfolio.py,MIT; project-authored synthetic data,synthetic,SYN-021,derivative,1104121.50,USD base market value,USD,Energy,India,Synthetic India Obligor 021,A,2035-10-04,"{""delta:COMMODITY"":""1167"",""delta:EQUITY-INDIA"":""4719"",""delta:USD-INR"":""5955"",""gamma:COMMODITY"":""0.10"",""gamma:EQUITY-INDIA"":""0.50"",""gamma:USD-INR"":""0.25"",""vega:VOLATILITY"":""2468""}","{""COMMODITY"":""absolute"",""EQUITY-INDIA"":""index_point"",""USD-INR"":""currency"",""VOLATILITY"":""volatility_point""}","{""delta:COMMODITY"":""USD/absolute"",""delta:EQUITY-INDIA"":""USD/index_point"",""delta:USD-INR"":""USD/currency"",""gamma:COMMODITY"":""USD/absolute^2"",""gamma:EQUITY-INDIA"":""USD/index_point^2"",""gamma:USD-INR"":""USD/currency^2"",""vega:VOLATILITY"":""USD/volatility_point""}",9435aeee63ac1000df83ddbba78e2121533c49a4e15fb0a59903766bd0586fe2
synthetic-wholesale-global-v1,synthetic-portfolio-v1,USD,2026-10-04T00:00:00Z,synthetic-portfolio-20261004-v1,synthetic-portfolio-csv-v1,synthetic-portfolio-generator-v1,20261004,scripts/generate_synthetic_portfolio.py,MIT; project-authored synthetic data,synthetic,SYN-022,loan,8131584.00,USD base market value,USD,Technology,Asia-Pacific,Synthetic Asia-Pacific Obligor 022,AA,2031-10-04,"{""convexity:RATE-USD"":""7.59"",""cs01:CREDIT-SPREAD"":""-1082"",""duration:RATE-USD"":""2.3"",""ead"":""8131584.00"",""lgd"":""0.44""}","{""CREDIT-SPREAD"":""basis_point"",""DEFAULT"":""decimal"",""RATE-USD"":""basis_point""}","{""convexity:RATE-USD"":""years_squared"",""cs01:CREDIT-SPREAD"":""USD/basis_point"",""duration:RATE-USD"":""years"",""ead"":""USD"",""lgd"":""decimal""}",cb61c2886cbd065f72738be214f3db68c16a6d1455e791f89ae9997f9b912981
synthetic-wholesale-global-v1,synthetic-portfolio-v1,USD,2026-10-04T00:00:00Z,synthetic-portfolio-20261004-v1,synthetic-portfolio-csv-v1,synthetic-portfolio-generator-v1,20261004,scripts/generate_synthetic_portfolio.py,MIT; project-authored synthetic data,synthetic,SYN-023,bond,12194834.00,USD base market value,USD,Energy,Asia-Pacific,Synthetic Asia-Pacific Obligor 023,A,2034-10-04,"{""convexity:RATE-USD"":""47.36"",""cs01:CREDIT-SPREAD"":""-2208"",""duration:RATE-USD"":""6.4"",""ead"":""12194834.00"",""lgd"":""0.64""}","{""CREDIT-SPREAD"":""basis_point"",""DEFAULT"":""decimal"",""RATE-USD"":""basis_point""}","{""convexity:RATE-USD"":""years_squared"",""cs01:CREDIT-SPREAD"":""USD/basis_point"",""duration:RATE-USD"":""years"",""ead"":""USD"",""lgd"":""decimal""}",3c0eacbc007c14e4c8b6fb7995767b4fe508e394a2254326c495dafad126400c
synthetic-wholesale-global-v1,synthetic-portfolio-v1,USD,2026-10-04T00:00:00Z,synthetic-portfolio-20261004-v1,synthetic-portfolio-csv-v1,synthetic-portfolio-generator-v1,20261004,scripts/generate_synthetic_portfolio.py,MIT; project-authored synthetic data,synthetic,SYN-024,derivative,1407419.20,USD base market value,USD,Industrials,Asia-Pacific,Synthetic Asia-Pacific Obligor 024,BBB,2029-10-04,"{""delta:COMMODITY"":""1785"",""delta:EQUITY-ASIA"":""2095"",""delta:USD-INR"":""2883"",""gamma:COMMODITY"":""0.10"",""gamma:EQUITY-ASIA"":""0.50"",""gamma:USD-INR"":""0.25"",""vega:VOLATILITY"":""4418""}","{""COMMODITY"":""absolute"",""EQUITY-ASIA"":""index_point"",""USD-INR"":""currency"",""VOLATILITY"":""volatility_point""}","{""delta:COMMODITY"":""USD/absolute"",""delta:EQUITY-ASIA"":""USD/index_point"",""delta:USD-INR"":""USD/currency"",""gamma:COMMODITY"":""USD/absolute^2"",""gamma:EQUITY-ASIA"":""USD/index_point^2"",""gamma:USD-INR"":""USD/currency^2"",""vega:VOLATILITY"":""USD/volatility_point""}",28bd0cf7cf258620b525e0938569c23074a5bd13adf543dcd81e8d574c3e7fc4
synthetic-wholesale-global-v1,synthetic-portfolio-v1,USD,2026-10-04T00:00:00Z,synthetic-portfolio-20261004-v1,synthetic-portfolio-csv-v1,synthetic-portfolio-generator-v1,20261004,scripts/generate_synthetic_portfolio.py,MIT; project-authored synthetic data,synthetic,SYN-025,loan,7996633.00,USD base market value,USD,Energy,United States,Synthetic United States Obligor 025,A,2030-10-04,"{""convexity:RATE-USD"":""15.75"",""cs01:CREDIT-SPREAD"":""-633"",""duration:RATE-USD"":""3.5"",""ead"":""7996633.00"",""lgd"":""0.33""}","{""CREDIT-SPREAD"":""basis_point"",""DEFAULT"":""decimal"",""RATE-USD"":""basis_point""}","{""convexity:RATE-USD"":""years_squared"",""cs01:CREDIT-SPREAD"":""USD/basis_point"",""duration:RATE-USD"":""years"",""ead"":""USD"",""lgd"":""decimal""}",b6ad7b032b0fdb8b7fe57bda8691005b62c0e2a9570d98488043b978341f473f
synthetic-wholesale-global-v1,synthetic-portfolio-v1,USD,2026-10-04T00:00:00Z,synthetic-portfolio-20261004-v1,synthetic-portfolio-csv-v1,synthetic-portfolio-generator-v1,20261004,scripts/generate_synthetic_portfolio.py,MIT; project-authored synthetic data,synthetic,SYN-026,bond,13452282.00,USD base market value,USD,Industrials,United States,Synthetic United States Obligor 026,BBB,2027-10-04,"{""convexity:RATE-USD"":""2"",""cs01:CREDIT-SPREAD"":""-1319"",""duration:RATE-USD"":""1"",""ead"":""13452282.00"",""lgd"":""0.28""}","{""CREDIT-SPREAD"":""basis_point"",""DEFAULT"":""decimal"",""RATE-USD"":""basis_point""}","{""convexity:RATE-USD"":""years_squared"",""cs01:CREDIT-SPREAD"":""USD/basis_point"",""duration:RATE-USD"":""years"",""ead"":""USD"",""lgd"":""decimal""}",c272d65d8866845c5d9924067c7ffc01cbed2e9219e48408c39ba856c03d6695
synthetic-wholesale-global-v1,synthetic-portfolio-v1,USD,2026-10-04T00:00:00Z,synthetic-portfolio-20261004-v1,synthetic-portfolio-csv-v1,synthetic-portfolio-generator-v1,20261004,scripts/generate_synthetic_portfolio.py,MIT; project-authored synthetic data,synthetic,SYN-027,derivative,479140.40,USD base market value,USD,Infrastructure,United States,Synthetic United States Obligor 027,BB,2027-10-04,"{""delta:COMMODITY"":""603"",""delta:EQUITY-US"":""3496"",""delta:USD-INR"":""3093"",""dv01:RATE-USD"":""-360""}","{""COMMODITY"":""absolute"",""EQUITY-US"":""index_point"",""RATE-USD"":""basis_point"",""USD-INR"":""currency""}","{""delta:COMMODITY"":""USD/absolute"",""delta:EQUITY-US"":""USD/index_point"",""delta:USD-INR"":""USD/currency"",""dv01:RATE-USD"":""USD/basis_point""}",7aaeb8c581cc2b16072d543cd0037a9155a20f8fd5a914853c18fce9e282ea5e
synthetic-wholesale-global-v1,synthetic-portfolio-v1,USD,2026-10-04T00:00:00Z,synthetic-portfolio-20261004-v1,synthetic-portfolio-csv-v1,synthetic-portfolio-generator-v1,20261004,scripts/generate_synthetic_portfolio.py,MIT; project-authored synthetic data,synthetic,SYN-028,loan,11682952.00,USD base market value,USD,Industrials,Europe,Synthetic Europe Obligor 028,BBB,2033-10-04,"{""convexity:RATE-EUR"":""20.91"",""cs01:CREDIT-SPREAD"":""-781"",""duration:RATE-EUR"":""4.1"",""ead"":""11682952.00"",""lgd"":""0.33""}","{""CREDIT-SPREAD"":""basis_point"",""DEFAULT"":""decimal"",""RATE-EUR"":""basis_point""}","{""convexity:RATE-EUR"":""years_squared"",""cs01:CREDIT-SPREAD"":""USD/basis_point"",""duration:RATE-EUR"":""years"",""ead"":""USD"",""lgd"":""decimal""}",87f5874eaff0f5b329781f6d5797b75c017fd9e0810269cf5157eae28f7dc22d
synthetic-wholesale-global-v1,synthetic-portfolio-v1,USD,2026-10-04T00:00:00Z,synthetic-portfolio-20261004-v1,synthetic-portfolio-csv-v1,synthetic-portfolio-generator-v1,20261004,scripts/generate_synthetic_portfolio.py,MIT; project-authored synthetic data,synthetic,SYN-029,bond,5941462.00,USD base market value,USD,Infrastructure,Europe,Synthetic Europe Obligor 029,BB,2031-10-04,"{""convexity:RATE-EUR"":""27.84"",""cs01:CREDIT-SPREAD"":""-680"",""duration:RATE-EUR"":""4.8"",""ead"":""5941462.00"",""lgd"":""0.46""}","{""CREDIT-SPREAD"":""basis_point"",""DEFAULT"":""decimal"",""RATE-EUR"":""basis_point""}","{""convexity:RATE-EUR"":""years_squared"",""cs01:CREDIT-SPREAD"":""USD/basis_point"",""duration:RATE-EUR"":""years"",""ead"":""USD"",""lgd"":""decimal""}",cd4257079dca6c67d5c1ff36583e0d91530f9d67a8804de4f548aa32a01241bb
synthetic-wholesale-global-v1,synthetic-portfolio-v1,USD,2026-10-04T00:00:00Z,synthetic-portfolio-20261004-v1,synthetic-portfolio-csv-v1,synthetic-portfolio-generator-v1,20261004,scripts/generate_synthetic_portfolio.py,MIT; project-authored synthetic data,synthetic,SYN-030,derivative,142442.50,USD base market value,USD,Healthcare,Europe,Synthetic Europe Obligor 030,B,2032-10-04,"{""delta:COMMODITY"":""928"",""delta:EQUITY-EUROPE"":""1183"",""delta:EUR-USD"":""9325"",""dv01:RATE-EUR"":""-729""}","{""COMMODITY"":""absolute"",""EQUITY-EUROPE"":""index_point"",""EUR-USD"":""currency"",""RATE-EUR"":""basis_point""}","{""delta:COMMODITY"":""USD/absolute"",""delta:EQUITY-EUROPE"":""USD/index_point"",""delta:EUR-USD"":""USD/currency"",""dv01:RATE-EUR"":""USD/basis_point""}",2650f3b941d7b82e32cbc5c5e064dd9d19f26cd79fa975cc656590bb5a181f84
synthetic-wholesale-global-v1,synthetic-portfolio-v1,USD,2026-10-04T00:00:00Z,synthetic-portfolio-20261004-v1,synthetic-portfolio-csv-v1,synthetic-portfolio-generator-v1,20261004,scripts/generate_synthetic_portfolio.py,MIT; project-authored synthetic data,synthetic,SYN-031,loan,14472757.00,USD base market value,USD,Infrastructure,India,Synthetic India Obligor 031,BB,2029-10-04,"{""convexity:RATE-INR"":""2.99"",""cs01:CREDIT-SPREAD"":""-1744"",""duration:RATE-INR"":""1.3"",""ead"":""14472757.00"",""lgd"":""0.31""}","{""CREDIT-SPREAD"":""basis_point"",""DEFAULT"":""decimal"",""RATE-INR"":""basis_point""}","{""convexity:RATE-INR"":""years_squared"",""cs01:CREDIT-SPREAD"":""USD/basis_point"",""duration:RATE-INR"":""years"",""ead"":""USD"",""lgd"":""decimal""}",67a7068be94c0aca6fe25bf876b9ef4c0537c4081714eec66d2c559bb804655c
synthetic-wholesale-global-v1,synthetic-portfolio-v1,USD,2026-10-04T00:00:00Z,synthetic-portfolio-20261004-v1,synthetic-portfolio-csv-v1,synthetic-portfolio-generator-v1,20261004,scripts/generate_synthetic_portfolio.py,MIT; project-authored synthetic data,synthetic,SYN-032,bond,2727435.00,USD base market value,USD,Healthcare,India,Synthetic India Obligor 032,B,2034-10-04,"{""convexity:RATE-INR"":""25.76"",""cs01:CREDIT-SPREAD"":""-1303"",""duration:RATE-INR"":""4.6"",""ead"":""2727435.00"",""lgd"":""0.57""}","{""CREDIT-SPREAD"":""basis_point"",""DEFAULT"":""decimal"",""RATE-INR"":""basis_point""}","{""convexity:RATE-INR"":""years_squared"",""cs01:CREDIT-SPREAD"":""USD/basis_point"",""duration:RATE-INR"":""years"",""ead"":""USD"",""lgd"":""decimal""}",65f5c1d12a329a41d85740270fdff54faa997b125577912e670959c9bc96b90e
synthetic-wholesale-global-v1,synthetic-portfolio-v1,USD,2026-10-04T00:00:00Z,synthetic-portfolio-20261004-v1,synthetic-portfolio-csv-v1,synthetic-portfolio-generator-v1,20261004,scripts/generate_synthetic_portfolio.py,MIT; project-authored synthetic data,synthetic,SYN-033,derivative,1308710.70,USD base market value,USD,Financials,India,Synthetic India Obligor 033,AAA,2031-10-04,"{""delta:COMMODITY"":""1222"",""delta:EQUITY-INDIA"":""2972"",""delta:USD-INR"":""5065"",""dv01:RATE-INR"":""-877""}","{""COMMODITY"":""absolute"",""EQUITY-INDIA"":""index_point"",""RATE-INR"":""basis_point"",""USD-INR"":""currency""}","{""delta:COMMODITY"":""USD/absolute"",""delta:EQUITY-INDIA"":""USD/index_point"",""delta:USD-INR"":""USD/currency"",""dv01:RATE-INR"":""USD/basis_point""}",fd492ad9376f88d9b3eb1ffb6aeaf528ea21a2022fe753864acd156ee266f4cf
synthetic-wholesale-global-v1,synthetic-portfolio-v1,USD,2026-10-04T00:00:00Z,synthetic-portfolio-20261004-v1,synthetic-portfolio-csv-v1,synthetic-portfolio-generator-v1,20261004,scripts/generate_synthetic_portfolio.py,MIT; project-authored synthetic data,synthetic,SYN-034,loan,7454913.00,USD base market value,USD,Healthcare,Asia-Pacific,Synthetic Asia-Pacific Obligor 034,B,2035-10-04,"{""convexity:RATE-USD"":""53.04"",""cs01:CREDIT-SPREAD"":""-2093"",""duration:RATE-USD"":""6.8"",""ead"":""7454913.00"",""lgd"":""0.49""}","{""CREDIT-SPREAD"":""basis_point"",""DEFAULT"":""decimal"",""RATE-USD"":""basis_point""}","{""convexity:RATE-USD"":""years_squared"",""cs01:CREDIT-SPREAD"":""USD/basis_point"",""duration:RATE-USD"":""years"",""ead"":""USD"",""lgd"":""decimal""}",85d5c01c76bc17f37180f6a7673f0073c9ba3c17eda76ae8f17089f7f9efb6fa
synthetic-wholesale-global-v1,synthetic-portfolio-v1,USD,2026-10-04T00:00:00Z,synthetic-portfolio-20261004-v1,synthetic-portfolio-csv-v1,synthetic-portfolio-generator-v1,20261004,scripts/generate_synthetic_portfolio.py,MIT; project-authored synthetic data,synthetic,SYN-035,bond,6554409.00,USD base market value,USD,Financials,Asia-Pacific,Synthetic Asia-Pacific Obligor 035,AAA,2033-10-04,"{""convexity:RATE-USD"":""4.59"",""cs01:CREDIT-SPREAD"":""-2219"",""duration:RATE-USD"":""1.7"",""ead"":""6554409.00"",""lgd"":""0.28""}","{""CREDIT-SPREAD"":""basis_point"",""DEFAULT"":""decimal"",""RATE-USD"":""basis_point""}","{""convexity:RATE-USD"":""years_squared"",""cs01:CREDIT-SPREAD"":""USD/basis_point"",""duration:RATE-USD"":""years"",""ead"":""USD"",""lgd"":""decimal""}",8a9b83138ad4c8c903cde766f846c0e8c9e20a32d4efbc6690f6c6dbe1b63820
synthetic-wholesale-global-v1,synthetic-portfolio-v1,USD,2026-10-04T00:00:00Z,synthetic-portfolio-20261004-v1,synthetic-portfolio-csv-v1,synthetic-portfolio-generator-v1,20261004,scripts/generate_synthetic_portfolio.py,MIT; project-authored synthetic data,synthetic,SYN-036,derivative,893675.40,USD base market value,USD,Technology,Asia-Pacific,Synthetic Asia-Pacific Obligor 036,AA,2027-10-04,"{""delta:COMMODITY"":""914"",""delta:EQUITY-ASIA"":""2213"",""delta:USD-INR"":""6737"",""dv01:RATE-USD"":""-261""}","{""COMMODITY"":""absolute"",""EQUITY-ASIA"":""index_point"",""RATE-USD"":""basis_point"",""USD-INR"":""currency""}","{""delta:COMMODITY"":""USD/absolute"",""delta:EQUITY-ASIA"":""USD/index_point"",""delta:USD-INR"":""USD/currency"",""dv01:RATE-USD"":""USD/basis_point""}",45f1139a033a23848c4ff81fa27fcfbbc94bf00f08f21d3b773158011a15f0ce
synthetic-wholesale-global-v1,synthetic-portfolio-v1,USD,2026-10-04T00:00:00Z,synthetic-portfolio-20261004-v1,synthetic-portfolio-csv-v1,synthetic-portfolio-generator-v1,20261004,scripts/generate_synthetic_portfolio.py,MIT; project-authored synthetic data,synthetic,SYN-037,loan,14928640.00,USD base market value,USD,Financials,United States,Synthetic United States Obligor 037,AAA,2030-10-04,"{""convexity:RATE-USD"":""10.64"",""cs01:CREDIT-SPREAD"":""-727"",""duration:RATE-USD"":""2.8"",""ead"":""14928640.00"",""lgd"":""0.41""}","{""CREDIT-SPREAD"":""basis_point"",""DEFAULT"":""decimal"",""RATE-USD"":""basis_point""}","{""convexity:RATE-USD"":""years_squared"",""cs01:CREDIT-SPREAD"":""USD/basis_point"",""duration:RATE-USD"":""years"",""ead"":""USD"",""lgd"":""decimal""}",6cdea235edb0c6dc660a7689a91bfe819f756886b682305e602fdc274a4ef05a
synthetic-wholesale-global-v1,synthetic-portfolio-v1,USD,2026-10-04T00:00:00Z,synthetic-portfolio-20261004-v1,synthetic-portfolio-csv-v1,synthetic-portfolio-generator-v1,20261004,scripts/generate_synthetic_portfolio.py,MIT; project-authored synthetic data,synthetic,SYN-038,bond,13491411.00,USD base market value,USD,Technology,United States,Synthetic United States Obligor 038,AA,2033-10-04,"{""convexity:RATE-USD"":""21.84"",""cs01:CREDIT-SPREAD"":""-458"",""duration:RATE-USD"":""4.2"",""ead"":""13491411.00"",""lgd"":""0.46""}","{""CREDIT-SPREAD"":""basis_point"",""DEFAULT"":""decimal"",""RATE-USD"":""basis_point""}","{""convexity:RATE-USD"":""years_squared"",""cs01:CREDIT-SPREAD"":""USD/basis_point"",""duration:RATE-USD"":""years"",""ead"":""USD"",""lgd"":""decimal""}",f62fbe884362cc22a6b541e97963cbaa71eb8bb6e073ef0d3f201c11b5016011
synthetic-wholesale-global-v1,synthetic-portfolio-v1,USD,2026-10-04T00:00:00Z,synthetic-portfolio-20261004-v1,synthetic-portfolio-csv-v1,synthetic-portfolio-generator-v1,20261004,scripts/generate_synthetic_portfolio.py,MIT; project-authored synthetic data,synthetic,SYN-039,derivative,1462594.40,USD base market value,USD,Energy,United States,Synthetic United States Obligor 039,A,2027-10-04,"{""delta:COMMODITY"":""2464"",""delta:EQUITY-US"":""3773"",""delta:USD-INR"":""7508"",""gamma:COMMODITY"":""0.10"",""gamma:EQUITY-US"":""0.50"",""gamma:USD-INR"":""0.25"",""vega:VOLATILITY"":""2088""}","{""COMMODITY"":""absolute"",""EQUITY-US"":""index_point"",""USD-INR"":""currency"",""VOLATILITY"":""volatility_point""}","{""delta:COMMODITY"":""USD/absolute"",""delta:EQUITY-US"":""USD/index_point"",""delta:USD-INR"":""USD/currency"",""gamma:COMMODITY"":""USD/absolute^2"",""gamma:EQUITY-US"":""USD/index_point^2"",""gamma:USD-INR"":""USD/currency^2"",""vega:VOLATILITY"":""USD/volatility_point""}",25715700882df15ba9076e6445e156419bf45c0f9765dfc59c6d6e12279f69e5
synthetic-wholesale-global-v1,synthetic-portfolio-v1,USD,2026-10-04T00:00:00Z,synthetic-portfolio-20261004-v1,synthetic-portfolio-csv-v1,synthetic-portfolio-generator-v1,20261004,scripts/generate_synthetic_portfolio.py,MIT; project-authored synthetic data,synthetic,SYN-040,loan,7705615.00,USD base market value,USD,Technology,Europe,Synthetic Europe Obligor 040,AA,2029-10-04,"{""convexity:RATE-EUR"":""2.31"",""cs01:CREDIT-SPREAD"":""-815"",""duration:RATE-EUR"":""1.1"",""ead"":""7705615.00"",""lgd"":""0.29""}","{""CREDIT-SPREAD"":""basis_point"",""DEFAULT"":""decimal"",""RATE-EUR"":""basis_point""}","{""convexity:RATE-EUR"":""years_squared"",""cs01:CREDIT-SPREAD"":""USD/basis_point"",""duration:RATE-EUR"":""years"",""ead"":""USD"",""lgd"":""decimal""}",ba1f41585cbc9459409c6803bcc5f7d1bd81aa0df84219ecf593e1a1416a39d8
synthetic-wholesale-global-v1,synthetic-portfolio-v1,USD,2026-10-04T00:00:00Z,synthetic-portfolio-20261004-v1,synthetic-portfolio-csv-v1,synthetic-portfolio-generator-v1,20261004,scripts/generate_synthetic_portfolio.py,MIT; project-authored synthetic data,synthetic,SYN-041,bond,13075800.00,USD base market value,USD,Energy,Europe,Synthetic Europe Obligor 041,A,2028-10-04,"{""convexity:RATE-EUR"":""3.75"",""cs01:CREDIT-SPREAD"":""-1563"",""duration:RATE-EUR"":""1.5"",""ead"":""13075800.00"",""lgd"":""0.27""}","{""CREDIT-SPREAD"":""basis_point"",""DEFAULT"":""decimal"",""RATE-EUR"":""basis_point""}","{""convexity:RATE-EUR"":""years_squared"",""cs01:CREDIT-SPREAD"":""USD/basis_point"",""duration:RATE-EUR"":""years"",""ead"":""USD"",""lgd"":""decimal""}",ee6c4b58f1e78762ea5bbbaf3f2306cc4ca2cfbe6ef8b1d89d37d12218e3c352
synthetic-wholesale-global-v1,synthetic-portfolio-v1,USD,2026-10-04T00:00:00Z,synthetic-portfolio-20261004-v1,synthetic-portfolio-csv-v1,synthetic-portfolio-generator-v1,20261004,scripts/generate_synthetic_portfolio.py,MIT; project-authored synthetic data,synthetic,SYN-042,derivative,1034983.40,USD base market value,USD,Industrials,Europe,Synthetic Europe Obligor 042,BBB,2035-10-04,"{""delta:COMMODITY"":""1506"",""delta:EQUITY-EUROPE"":""3059"",""delta:EUR-USD"":""6356"",""gamma:COMMODITY"":""0.10"",""gamma:EQUITY-EUROPE"":""0.50"",""gamma:EUR-USD"":""0.25"",""vega:VOLATILITY"":""1394""}","{""COMMODITY"":""absolute"",""EQUITY-EUROPE"":""index_point"",""EUR-USD"":""currency"",""VOLATILITY"":""volatility_point""}","{""delta:COMMODITY"":""USD/absolute"",""delta:EQUITY-EUROPE"":""USD/index_point"",""delta:EUR-USD"":""USD/currency"",""gamma:COMMODITY"":""USD/absolute^2"",""gamma:EQUITY-EUROPE"":""USD/index_point^2"",""gamma:EUR-USD"":""USD/currency^2"",""vega:VOLATILITY"":""USD/volatility_point""}",7d5e00088a1565eae55fcc3448fd85f9ac13be25b278fd838794a37b0340c743
synthetic-wholesale-global-v1,synthetic-portfolio-v1,USD,2026-10-04T00:00:00Z,synthetic-portfolio-20261004-v1,synthetic-portfolio-csv-v1,synthetic-portfolio-generator-v1,20261004,scripts/generate_synthetic_portfolio.py,MIT; project-authored synthetic data,synthetic,SYN-043,loan,11044141.00,USD base market value,USD,Energy,India,Synthetic India Obligor 043,A,2032-10-04,"{""convexity:RATE-INR"":""21.84"",""cs01:CREDIT-SPREAD"":""-2426"",""duration:RATE-INR"":""4.2"",""ead"":""11044141.00"",""lgd"":""0.39""}","{""CREDIT-SPREAD"":""basis_point"",""DEFAULT"":""decimal"",""RATE-INR"":""basis_point""}","{""convexity:RATE-INR"":""years_squared"",""cs01:CREDIT-SPREAD"":""USD/basis_point"",""duration:RATE-INR"":""years"",""ead"":""USD"",""lgd"":""decimal""}",7fd9879bdbfc6fced9bfa07f98b90e23beb8a0e4e752131d09caaac81eb1c7d9
synthetic-wholesale-global-v1,synthetic-portfolio-v1,USD,2026-10-04T00:00:00Z,synthetic-portfolio-20261004-v1,synthetic-portfolio-csv-v1,synthetic-portfolio-generator-v1,20261004,scripts/generate_synthetic_portfolio.py,MIT; project-authored synthetic data,synthetic,SYN-044,bond,13719350.00,USD base market value,USD,Industrials,India,Synthetic India Obligor 044,BBB,2034-10-04,"{""convexity:RATE-INR"":""26.79"",""cs01:CREDIT-SPREAD"":""-2168"",""duration:RATE-INR"":""4.7"",""ead"":""13719350.00"",""lgd"":""0.41""}","{""CREDIT-SPREAD"":""basis_point"",""DEFAULT"":""decimal"",""RATE-INR"":""basis_point""}","{""convexity:RATE-INR"":""years_squared"",""cs01:CREDIT-SPREAD"":""USD/basis_point"",""duration:RATE-INR"":""years"",""ead"":""USD"",""lgd"":""decimal""}",71cdb6ed153538fc608d410ee0c73bf2ecebcd4d925184d707bbc305eef4548b
synthetic-wholesale-global-v1,synthetic-portfolio-v1,USD,2026-10-04T00:00:00Z,synthetic-portfolio-20261004-v1,synthetic-portfolio-csv-v1,synthetic-portfolio-generator-v1,20261004,scripts/generate_synthetic_portfolio.py,MIT; project-authored synthetic data,synthetic,SYN-045,derivative,436303.30,USD base market value,USD,Infrastructure,India,Synthetic India Obligor 045,BB,2029-10-04,"{""delta:COMMODITY"":""1418"",""delta:EQUITY-INDIA"":""1475"",""delta:USD-INR"":""2293"",""gamma:COMMODITY"":""0.10"",""gamma:EQUITY-INDIA"":""0.50"",""gamma:USD-INR"":""0.25"",""vega:VOLATILITY"":""2752""}","{""COMMODITY"":""absolute"",""EQUITY-INDIA"":""index_point"",""USD-INR"":""currency"",""VOLATILITY"":""volatility_point""}","{""delta:COMMODITY"":""USD/absolute"",""delta:EQUITY-INDIA"":""USD/index_point"",""delta:USD-INR"":""USD/currency"",""gamma:COMMODITY"":""USD/absolute^2"",""gamma:EQUITY-INDIA"":""USD/index_point^2"",""gamma:USD-INR"":""USD/currency^2"",""vega:VOLATILITY"":""USD/volatility_point""}",10520810a8f04a5ceff7971c3f7d926b766450182edab055993e8687683001bd
synthetic-wholesale-global-v1,synthetic-portfolio-v1,USD,2026-10-04T00:00:00Z,synthetic-portfolio-20261004-v1,synthetic-portfolio-csv-v1,synthetic-portfolio-generator-v1,20261004,scripts/generate_synthetic_portfolio.py,MIT; project-authored synthetic data,synthetic,SYN-046,loan,4957240.00,USD base market value,USD,Industrials,Asia-Pacific,Synthetic Asia-Pacific Obligor 046,BBB,2032-10-04,"{""convexity:RATE-USD"":""20.91"",""cs01:CREDIT-SPREAD"":""-1124"",""duration:RATE-USD"":""4.1"",""ead"":""4957240.00"",""lgd"":""0.25""}","{""CREDIT-SPREAD"":""basis_point"",""DEFAULT"":""decimal"",""RATE-USD"":""basis_point""}","{""convexity:RATE-USD"":""years_squared"",""cs01:CREDIT-SPREAD"":""USD/basis_point"",""duration:RATE-USD"":""years"",""ead"":""USD"",""lgd"":""decimal""}",2ae58b22626780ff62d5098633d500d3d42ea967238c740ad17de1f9400ad00b
synthetic-wholesale-global-v1,synthetic-portfolio-v1,USD,2026-10-04T00:00:00Z,synthetic-portfolio-20261004-v1,synthetic-portfolio-csv-v1,synthetic-portfolio-generator-v1,20261004,scripts/generate_synthetic_portfolio.py,MIT; project-authored synthetic data,synthetic,SYN-047,bond,9496697.00,USD base market value,USD,Infrastructure,Asia-Pacific,Synthetic Asia-Pacific Obligor 047,BB,2034-10-04,"{""convexity:RATE-USD"":""27.84"",""cs01:CREDIT-SPREAD"":""-287"",""duration:RATE-USD"":""4.8"",""ead"":""9496697.00"",""lgd"":""0.65""}","{""CREDIT-SPREAD"":""basis_point"",""DEFAULT"":""decimal"",""RATE-USD"":""basis_point""}","{""convexity:RATE-USD"":""years_squared"",""cs01:CREDIT-SPREAD"":""USD/basis_point"",""duration:RATE-USD"":""years"",""ead"":""USD"",""lgd"":""decimal""}",11d71f2323286d01ad369cdbd9924f16140e873a429a921745648ffb4062aafa
synthetic-wholesale-global-v1,synthetic-portfolio-v1,USD,2026-10-04T00:00:00Z,synthetic-portfolio-20261004-v1,synthetic-portfolio-csv-v1,synthetic-portfolio-generator-v1,20261004,scripts/generate_synthetic_portfolio.py,MIT; project-authored synthetic data,synthetic,SYN-048,derivative,530384.00,USD base market value,USD,Healthcare,Asia-Pacific,Synthetic Asia-Pacific Obligor 048,B,2033-10-04,"{""delta:COMMODITY"":""1820"",""delta:EQUITY-ASIA"":""2889"",""delta:USD-INR"":""2312"",""gamma:COMMODITY"":""0.10"",""gamma:EQUITY-ASIA"":""0.50"",""gamma:USD-INR"":""0.25"",""vega:VOLATILITY"":""2437""}","{""COMMODITY"":""absolute"",""EQUITY-ASIA"":""index_point"",""USD-INR"":""currency"",""VOLATILITY"":""volatility_point""}","{""delta:COMMODITY"":""USD/absolute"",""delta:EQUITY-ASIA"":""USD/index_point"",""delta:USD-INR"":""USD/currency"",""gamma:COMMODITY"":""USD/absolute^2"",""gamma:EQUITY-ASIA"":""USD/index_point^2"",""gamma:USD-INR"":""USD/currency^2"",""vega:VOLATILITY"":""USD/volatility_point""}",07de88e2a3c9ae976b9c27e3333fbef81617b1be48aecd491b7b0bf6252213eb
synthetic-wholesale-global-v1,synthetic-portfolio-v1,USD,2026-10-04T00:00:00Z,synthetic-portfolio-20261004-v1,synthetic-portfolio-csv-v1,synthetic-portfolio-generator-v1,20261004,scripts/generate_synthetic_portfolio.py,MIT; project-authored synthetic data,synthetic,SYN-049,loan,3903720.00,USD base market value,USD,Infrastructure,United States,Synthetic United States Obligor 049,BB,2030-10-04,"{""convexity:RATE-USD"":""2.64"",""cs01:CREDIT-SPREAD"":""-2174"",""duration:RATE-USD"":""1.2"",""ead"":""3903720.00"",""lgd"":""0.34""}","{""CREDIT-SPREAD"":""basis_point"",""DEFAULT"":""decimal"",""RATE-USD"":""basis_point""}","{""convexity:RATE-USD"":""years_squared"",""cs01:CREDIT-SPREAD"":""USD/basis_point"",""duration:RATE-USD"":""years"",""ead"":""USD"",""lgd"":""decimal""}",fc3d23d268258c9c99adbafa8a0b7116721ae833024e68f869369a17bce9ac7c
synthetic-wholesale-global-v1,synthetic-portfolio-v1,USD,2026-10-04T00:00:00Z,synthetic-portfolio-20261004-v1,synthetic-portfolio-csv-v1,synthetic-portfolio-generator-v1,20261004,scripts/generate_synthetic_portfolio.py,MIT; project-authored synthetic data,synthetic,SYN-050,bond,13180396.00,USD base market value,USD,Healthcare,United States,Synthetic United States Obligor 050,B,2029-10-04,"{""convexity:RATE-USD"":""12"",""cs01:CREDIT-SPREAD"":""-312"",""duration:RATE-USD"":""3"",""ead"":""13180396.00"",""lgd"":""0.32""}","{""CREDIT-SPREAD"":""basis_point"",""DEFAULT"":""decimal"",""RATE-USD"":""basis_point""}","{""convexity:RATE-USD"":""years_squared"",""cs01:CREDIT-SPREAD"":""USD/basis_point"",""duration:RATE-USD"":""years"",""ead"":""USD"",""lgd"":""decimal""}",c8265fc1df22b6ef02a71215db05b340771ba78b983c264bb51e8f83b9926a42
synthetic-wholesale-global-v1,synthetic-portfolio-v1,USD,2026-10-04T00:00:00Z,synthetic-portfolio-20261004-v1,synthetic-portfolio-csv-v1,synthetic-portfolio-generator-v1,20261004,scripts/generate_synthetic_portfolio.py,MIT; project-authored synthetic data,synthetic,SYN-051,derivative,341073.40,USD base market value,USD,Financials,United States,Synthetic United States Obligor 051,AAA,2027-10-04,"{""delta:COMMODITY"":""1733"",""delta:EQUITY-US"":""4111"",""delta:USD-INR"":""2101"",""dv01:RATE-USD"":""-247""}","{""COMMODITY"":""absolute"",""EQUITY-US"":""index_point"",""RATE-USD"":""basis_point"",""USD-INR"":""currency""}","{""delta:COMMODITY"":""USD/absolute"",""delta:EQUITY-US"":""USD/index_point"",""delta:USD-INR"":""USD/currency"",""dv01:RATE-USD"":""USD/basis_point""}",91b121d239c1e5aea1a080f78d6fff489bce285d4e2641235177c4ba900088ff
synthetic-wholesale-global-v1,synthetic-portfolio-v1,USD,2026-10-04T00:00:00Z,synthetic-portfolio-20261004-v1,synthetic-portfolio-csv-v1,synthetic-portfolio-generator-v1,20261004,scripts/generate_synthetic_portfolio.py,MIT; project-authored synthetic data,synthetic,SYN-052,loan,11108417.00,USD base market value,USD,Healthcare,Europe,Synthetic Europe Obligor 052,B,2035-10-04,"{""convexity:RATE-EUR"":""31.11"",""cs01:CREDIT-SPREAD"":""-1864"",""duration:RATE-EUR"":""5.1"",""ead"":""11108417.00"",""lgd"":""0.43""}","{""CREDIT-SPREAD"":""basis_point"",""DEFAULT"":""decimal"",""RATE-EUR"":""basis_point""}","{""convexity:RATE-EUR"":""years_squared"",""cs01:CREDIT-SPREAD"":""USD/basis_point"",""duration:RATE-EUR"":""years"",""ead"":""USD"",""lgd"":""decimal""}",e6452ff441b09f017e33943c80f0d4f5705a422f8d587aab53f533d114f31e9c
synthetic-wholesale-global-v1,synthetic-portfolio-v1,USD,2026-10-04T00:00:00Z,synthetic-portfolio-20261004-v1,synthetic-portfolio-csv-v1,synthetic-portfolio-generator-v1,20261004,scripts/generate_synthetic_portfolio.py,MIT; project-authored synthetic data,synthetic,SYN-053,bond,9424589.00,USD base market value,USD,Financials,Europe,Synthetic Europe Obligor 053,AAA,2032-10-04,"{""convexity:RATE-EUR"":""7.04"",""cs01:CREDIT-SPREAD"":""-714"",""duration:RATE-EUR"":""2.2"",""ead"":""9424589.00"",""lgd"":""0.47""}","{""CREDIT-SPREAD"":""basis_point"",""DEFAULT"":""decimal"",""RATE-EUR"":""basis_point""}","{""convexity:RATE-EUR"":""years_squared"",""cs01:CREDIT-SPREAD"":""USD/basis_point"",""duration:RATE-EUR"":""years"",""ead"":""USD"",""lgd"":""decimal""}",5c995121b11a1109fc93e1edf049669b3e5389cb2b48d2f9bab3944c83555315
synthetic-wholesale-global-v1,synthetic-portfolio-v1,USD,2026-10-04T00:00:00Z,synthetic-portfolio-20261004-v1,synthetic-portfolio-csv-v1,synthetic-portfolio-generator-v1,20261004,scripts/generate_synthetic_portfolio.py,MIT; project-authored synthetic data,synthetic,SYN-054,derivative,1493334.70,USD base market value,USD,Technology,Europe,Synthetic Europe Obligor 054,AA,2031-10-04,"{""delta:COMMODITY"":""2002"",""delta:EQUITY-EUROPE"":""1756"",""delta:EUR-USD"":""4276"",""dv01:RATE-EUR"":""-422""}","{""COMMODITY"":""absolute"",""EQUITY-EUROPE"":""index_point"",""EUR-USD"":""currency"",""RATE-EUR"":""basis_point""}","{""delta:COMMODITY"":""USD/absolute"",""delta:EQUITY-EUROPE"":""USD/index_point"",""delta:EUR-USD"":""USD/currency"",""dv01:RATE-EUR"":""USD/basis_point""}",e10c3b24eb259b15746361e558dd497aa31f1426e1bba18ed704adae44827186
synthetic-wholesale-global-v1,synthetic-portfolio-v1,USD,2026-10-04T00:00:00Z,synthetic-portfolio-20261004-v1,synthetic-portfolio-csv-v1,synthetic-portfolio-generator-v1,20261004,scripts/generate_synthetic_portfolio.py,MIT; project-authored synthetic data,synthetic,SYN-055,loan,12184796.00,USD base market value,USD,Financials,India,Synthetic India Obligor 055,AAA,2031-10-04,"{""convexity:RATE-INR"":""21.84"",""cs01:CREDIT-SPREAD"":""-1600"",""duration:RATE-INR"":""4.2"",""ead"":""12184796.00"",""lgd"":""0.62""}","{""CREDIT-SPREAD"":""basis_point"",""DEFAULT"":""decimal"",""RATE-INR"":""basis_point""}","{""convexity:RATE-INR"":""years_squared"",""cs01:CREDIT-SPREAD"":""USD/basis_point"",""duration:RATE-INR"":""years"",""ead"":""USD"",""lgd"":""decimal""}",8785be3afbc6cbc57bb6169b53f2afcb2a7017578f9e8197caade00139191dfa
synthetic-wholesale-global-v1,synthetic-portfolio-v1,USD,2026-10-04T00:00:00Z,synthetic-portfolio-20261004-v1,synthetic-portfolio-csv-v1,synthetic-portfolio-generator-v1,20261004,scripts/generate_synthetic_portfolio.py,MIT; project-authored synthetic data,synthetic,SYN-056,bond,14955364.00,USD base market value,USD,Technology,India,Synthetic India Obligor 056,AA,2034-10-04,"{""convexity:RATE-INR"":""12"",""cs01:CREDIT-SPREAD"":""-1885"",""duration:RATE-INR"":""3"",""ead"":""14955364.00"",""lgd"":""0.32""}","{""CREDIT-SPREAD"":""basis_point"",""DEFAULT"":""decimal"",""RATE-INR"":""basis_point""}","{""convexity:RATE-INR"":""years_squared"",""cs01:CREDIT-SPREAD"":""USD/basis_point"",""duration:RATE-INR"":""years"",""ead"":""USD"",""lgd"":""decimal""}",19ad79dc581cc541a98e4fbfe58766b8d53d059acc2119b05bd782a949c6c3ea
synthetic-wholesale-global-v1,synthetic-portfolio-v1,USD,2026-10-04T00:00:00Z,synthetic-portfolio-20261004-v1,synthetic-portfolio-csv-v1,synthetic-portfolio-generator-v1,20261004,scripts/generate_synthetic_portfolio.py,MIT; project-authored synthetic data,synthetic,SYN-057,derivative,979581.70,USD base market value,USD,Energy,India,Synthetic India Obligor 057,A,2032-10-04,"{""delta:COMMODITY"":""2042"",""delta:EQUITY-INDIA"":""4762"",""delta:USD-INR"":""9503"",""dv01:RATE-INR"":""-370""}","{""COMMODITY"":""absolute"",""EQUITY-INDIA"":""index_point"",""RATE-INR"":""basis_point"",""USD-INR"":""currency""}","{""delta:COMMODITY"":""USD/absolute"",""delta:EQUITY-INDIA"":""USD/index_point"",""delta:USD-INR"":""USD/currency"",""dv01:RATE-INR"":""USD/basis_point""}",b05baad40c1be00ba0785e817c6af684497e2fc8f59133a294ac89619cdbd3f6
synthetic-wholesale-global-v1,synthetic-portfolio-v1,USD,2026-10-04T00:00:00Z,synthetic-portfolio-20261004-v1,synthetic-portfolio-csv-v1,synthetic-portfolio-generator-v1,20261004,scripts/generate_synthetic_portfolio.py,MIT; project-authored synthetic data,synthetic,SYN-058,loan,2883391.00,USD base market value,USD,Technology,Asia-Pacific,Synthetic Asia-Pacific Obligor 058,AA,2036-10-04,"{""convexity:RATE-USD"":""8.16"",""cs01:CREDIT-SPREAD"":""-1910"",""duration:RATE-USD"":""2.4"",""ead"":""2883391.00"",""lgd"":""0.39""}","{""CREDIT-SPREAD"":""basis_point"",""DEFAULT"":""decimal"",""RATE-USD"":""basis_point""}","{""convexity:RATE-USD"":""years_squared"",""cs01:CREDIT-SPREAD"":""USD/basis_point"",""duration:RATE-USD"":""years"",""ead"":""USD"",""lgd"":""decimal""}",6be4d0fb84e15da18c90a2c4391d31499dbcd1c3ff7226a9d31a92d61d545996
synthetic-wholesale-global-v1,synthetic-portfolio-v1,USD,2026-10-04T00:00:00Z,synthetic-portfolio-20261004-v1,synthetic-portfolio-csv-v1,synthetic-portfolio-generator-v1,20261004,scripts/generate_synthetic_portfolio.py,MIT; project-authored synthetic data,synthetic,SYN-059,bond,10718564.00,USD base market value,USD,Energy,Asia-Pacific,Synthetic Asia-Pacific Obligor 059,A,2033-10-04,"{""convexity:RATE-USD"":""20"",""cs01:CREDIT-SPREAD"":""-623"",""duration:RATE-USD"":""4"",""ead"":""10718564.00"",""lgd"":""0.26""}","{""CREDIT-SPREAD"":""basis_point"",""DEFAULT"":""decimal"",""RATE-USD"":""basis_point""}","{""convexity:RATE-USD"":""years_squared"",""cs01:CREDIT-SPREAD"":""USD/basis_point"",""duration:RATE-USD"":""years"",""ead"":""USD"",""lgd"":""decimal""}",17b226c018262de3099f425378fbe6d284d7b266f195601a97c0eda086764408
synthetic-wholesale-global-v1,synthetic-portfolio-v1,USD,2026-10-04T00:00:00Z,synthetic-portfolio-20261004-v1,synthetic-portfolio-csv-v1,synthetic-portfolio-generator-v1,20261004,scripts/generate_synthetic_portfolio.py,MIT; project-authored synthetic data,synthetic,SYN-060,derivative,791389.30,USD base market value,USD,Industrials,Asia-Pacific,Synthetic Asia-Pacific Obligor 060,BBB,2034-10-04,"{""delta:COMMODITY"":""1087"",""delta:EQUITY-ASIA"":""2782"",""delta:USD-INR"":""1799"",""dv01:RATE-USD"":""-412""}","{""COMMODITY"":""absolute"",""EQUITY-ASIA"":""index_point"",""RATE-USD"":""basis_point"",""USD-INR"":""currency""}","{""delta:COMMODITY"":""USD/absolute"",""delta:EQUITY-ASIA"":""USD/index_point"",""delta:USD-INR"":""USD/currency"",""dv01:RATE-USD"":""USD/basis_point""}",674a6d30ee5881050427b2920cd41c5d481d07fdf7abdc62b18c4a308d6e9980
