snapshot_id,generator_version,evidence_kind,source_terms,authored_at,assumptions_frozen_at,exercise_as_of,horizon_days,derivation_reference,assumption_version,schema_version,scenario_id,event_id,source_item_id,factor_id,factor_role,shock_type,value,unit,sign,rationale
project-authored-demo-20261007-v1,demo-snapshot-generator-v1,hypothetical,MIT; project-authored fictional exercise data,2026-10-07T00:00:00Z,2026-10-07T00:00:00Z,2026-10-04T00:00:00Z,1,scripts/prepare_demo_snapshot.py#demo-rbi-policy-v1,hypothetical-exercise-assumptions-v1,demo-hypothetical-shocks-v1,demo-rbi-policy-v1,demo-event-rbi-v1,demo-news-rbi-v1,EQUITY-INDIA,equity,relative,-2.0,percent,negative,"Simultaneous project-authored assumption: Indian equity decline; illustrative direction and magnitude, not observed or calibrated."
project-authored-demo-20261007-v1,demo-snapshot-generator-v1,hypothetical,MIT; project-authored fictional exercise data,2026-10-07T00:00:00Z,2026-10-07T00:00:00Z,2026-10-04T00:00:00Z,1,scripts/prepare_demo_snapshot.py#demo-rbi-policy-v1,hypothetical-exercise-assumptions-v1,demo-hypothetical-shocks-v1,demo-rbi-policy-v1,demo-event-rbi-v1,demo-news-rbi-v1,RATE-INR,rate,basis_point,25.0,basis_point,positive,"Simultaneous project-authored assumption: Indian rate rise; illustrative direction and magnitude, not observed or calibrated."
project-authored-demo-20261007-v1,demo-snapshot-generator-v1,hypothetical,MIT; project-authored fictional exercise data,2026-10-07T00:00:00Z,2026-10-07T00:00:00Z,2026-10-04T00:00:00Z,1,scripts/prepare_demo_snapshot.py#demo-rbi-policy-v1,hypothetical-exercise-assumptions-v1,demo-hypothetical-shocks-v1,demo-rbi-policy-v1,demo-event-rbi-v1,demo-news-rbi-v1,CREDIT-SPREAD,spread,basis_point,10.0,basis_point,positive,"Simultaneous project-authored assumption: credit spread widening; illustrative direction and magnitude, not observed or calibrated."
project-authored-demo-20261007-v1,demo-snapshot-generator-v1,hypothetical,MIT; project-authored fictional exercise data,2026-10-07T00:00:00Z,2026-10-07T00:00:00Z,2026-10-04T00:00:00Z,1,scripts/prepare_demo_snapshot.py#demo-rbi-policy-v1,hypothetical-exercise-assumptions-v1,demo-hypothetical-shocks-v1,demo-rbi-policy-v1,demo-event-rbi-v1,demo-news-rbi-v1,USD-INR,fx,relative,1.0,percent,positive,"Simultaneous project-authored assumption: USD-INR rise means INR depreciation; illustrative direction and magnitude, not observed or calibrated."
project-authored-demo-20261007-v1,demo-snapshot-generator-v1,hypothetical,MIT; project-authored fictional exercise data,2026-10-07T00:00:00Z,2026-10-07T00:00:00Z,2026-10-04T00:00:00Z,1,scripts/prepare_demo_snapshot.py#demo-rbi-policy-v1,hypothetical-exercise-assumptions-v1,demo-hypothetical-shocks-v1,demo-rbi-policy-v1,demo-event-rbi-v1,demo-news-rbi-v1,COMMODITY,commodity,relative,-1.0,percent,negative,"Simultaneous project-authored assumption: commodity decline; illustrative direction and magnitude, not observed or calibrated."
project-authored-demo-20261007-v1,demo-snapshot-generator-v1,hypothetical,MIT; project-authored fictional exercise data,2026-10-07T00:00:00Z,2026-10-07T00:00:00Z,2026-10-04T00:00:00Z,1,scripts/prepare_demo_snapshot.py#demo-rbi-policy-v1,hypothetical-exercise-assumptions-v1,demo-hypothetical-shocks-v1,demo-rbi-policy-v1,demo-event-rbi-v1,demo-news-rbi-v1,VOLATILITY,volatility,volatility,2.0,volatility_point,positive,"Simultaneous project-authored assumption: volatility increase; illustrative direction and magnitude, not observed or calibrated."
project-authored-demo-20261007-v1,demo-snapshot-generator-v1,hypothetical,MIT; project-authored fictional exercise data,2026-10-07T00:00:00Z,2026-10-07T00:00:00Z,2026-10-04T00:00:00Z,1,scripts/prepare_demo_snapshot.py#demo-rbi-policy-override-v1,hypothetical-exercise-assumptions-v1,demo-hypothetical-shocks-v1,demo-rbi-policy-override-v1,demo-event-rbi-v1,demo-news-rbi-v1,EQUITY-INDIA,equity,relative,-3.0,percent,negative,"Simultaneous project-authored assumption: Indian equity decline; illustrative direction and magnitude, not observed or calibrated."
project-authored-demo-20261007-v1,demo-snapshot-generator-v1,hypothetical,MIT; project-authored fictional exercise data,2026-10-07T00:00:00Z,2026-10-07T00:00:00Z,2026-10-04T00:00:00Z,1,scripts/prepare_demo_snapshot.py#demo-rbi-policy-override-v1,hypothetical-exercise-assumptions-v1,demo-hypothetical-shocks-v1,demo-rbi-policy-override-v1,demo-event-rbi-v1,demo-news-rbi-v1,RATE-INR,rate,basis_point,50.0,basis_point,positive,"Simultaneous project-authored assumption: Indian rate rise; illustrative direction and magnitude, not observed or calibrated."
project-authored-demo-20261007-v1,demo-snapshot-generator-v1,hypothetical,MIT; project-authored fictional exercise data,2026-10-07T00:00:00Z,2026-10-07T00:00:00Z,2026-10-04T00:00:00Z,1,scripts/prepare_demo_snapshot.py#demo-rbi-policy-override-v1,hypothetical-exercise-assumptions-v1,demo-hypothetical-shocks-v1,demo-rbi-policy-override-v1,demo-event-rbi-v1,demo-news-rbi-v1,CREDIT-SPREAD,spread,basis_point,20.0,basis_point,positive,"Simultaneous project-authored assumption: credit spread widening; illustrative direction and magnitude, not observed or calibrated."
project-authored-demo-20261007-v1,demo-snapshot-generator-v1,hypothetical,MIT; project-authored fictional exercise data,2026-10-07T00:00:00Z,2026-10-07T00:00:00Z,2026-10-04T00:00:00Z,1,scripts/prepare_demo_snapshot.py#demo-rbi-policy-override-v1,hypothetical-exercise-assumptions-v1,demo-hypothetical-shocks-v1,demo-rbi-policy-override-v1,demo-event-rbi-v1,demo-news-rbi-v1,USD-INR,fx,relative,2.0,percent,positive,"Simultaneous project-authored assumption: USD-INR rise means INR depreciation; illustrative direction and magnitude, not observed or calibrated."
project-authored-demo-20261007-v1,demo-snapshot-generator-v1,hypothetical,MIT; project-authored fictional exercise data,2026-10-07T00:00:00Z,2026-10-07T00:00:00Z,2026-10-04T00:00:00Z,1,scripts/prepare_demo_snapshot.py#demo-rbi-policy-override-v1,hypothetical-exercise-assumptions-v1,demo-hypothetical-shocks-v1,demo-rbi-policy-override-v1,demo-event-rbi-v1,demo-news-rbi-v1,COMMODITY,commodity,relative,-2.0,percent,negative,"Simultaneous project-authored assumption: commodity decline; illustrative direction and magnitude, not observed or calibrated."
project-authored-demo-20261007-v1,demo-snapshot-generator-v1,hypothetical,MIT; project-authored fictional exercise data,2026-10-07T00:00:00Z,2026-10-07T00:00:00Z,2026-10-04T00:00:00Z,1,scripts/prepare_demo_snapshot.py#demo-rbi-policy-override-v1,hypothetical-exercise-assumptions-v1,demo-hypothetical-shocks-v1,demo-rbi-policy-override-v1,demo-event-rbi-v1,demo-news-rbi-v1,VOLATILITY,volatility,volatility,3.0,volatility_point,positive,"Simultaneous project-authored assumption: volatility increase; illustrative direction and magnitude, not observed or calibrated."
project-authored-demo-20261007-v1,demo-snapshot-generator-v1,hypothetical,MIT; project-authored fictional exercise data,2026-10-07T00:00:00Z,2026-10-07T00:00:00Z,2026-10-04T00:00:00Z,1,scripts/prepare_demo_snapshot.py#demo-indian-credit-v1,hypothetical-exercise-assumptions-v1,demo-hypothetical-shocks-v1,demo-indian-credit-v1,demo-event-credit-v1,demo-news-credit-v1,EQUITY-INDIA,equity,relative,-4.0,percent,negative,"Simultaneous project-authored assumption: Indian equity decline; illustrative direction and magnitude, not observed or calibrated."
project-authored-demo-20261007-v1,demo-snapshot-generator-v1,hypothetical,MIT; project-authored fictional exercise data,2026-10-07T00:00:00Z,2026-10-07T00:00:00Z,2026-10-04T00:00:00Z,1,scripts/prepare_demo_snapshot.py#demo-indian-credit-v1,hypothetical-exercise-assumptions-v1,demo-hypothetical-shocks-v1,demo-indian-credit-v1,demo-event-credit-v1,demo-news-credit-v1,RATE-INR,rate,basis_point,-10.0,basis_point,negative,"Simultaneous project-authored assumption: Indian rate decline under assumed flight to quality; illustrative direction and magnitude, not observed or calibrated."
project-authored-demo-20261007-v1,demo-snapshot-generator-v1,hypothetical,MIT; project-authored fictional exercise data,2026-10-07T00:00:00Z,2026-10-07T00:00:00Z,2026-10-04T00:00:00Z,1,scripts/prepare_demo_snapshot.py#demo-indian-credit-v1,hypothetical-exercise-assumptions-v1,demo-hypothetical-shocks-v1,demo-indian-credit-v1,demo-event-credit-v1,demo-news-credit-v1,CREDIT-SPREAD,spread,basis_point,100.0,basis_point,positive,"Simultaneous project-authored assumption: credit spread widening; illustrative direction and magnitude, not observed or calibrated."
project-authored-demo-20261007-v1,demo-snapshot-generator-v1,hypothetical,MIT; project-authored fictional exercise data,2026-10-07T00:00:00Z,2026-10-07T00:00:00Z,2026-10-04T00:00:00Z,1,scripts/prepare_demo_snapshot.py#demo-indian-credit-v1,hypothetical-exercise-assumptions-v1,demo-hypothetical-shocks-v1,demo-indian-credit-v1,demo-event-credit-v1,demo-news-credit-v1,USD-INR,fx,relative,2.0,percent,positive,"Simultaneous project-authored assumption: USD-INR rise means INR depreciation; illustrative direction and magnitude, not observed or calibrated."
project-authored-demo-20261007-v1,demo-snapshot-generator-v1,hypothetical,MIT; project-authored fictional exercise data,2026-10-07T00:00:00Z,2026-10-07T00:00:00Z,2026-10-04T00:00:00Z,1,scripts/prepare_demo_snapshot.py#demo-indian-credit-v1,hypothetical-exercise-assumptions-v1,demo-hypothetical-shocks-v1,demo-indian-credit-v1,demo-event-credit-v1,demo-news-credit-v1,COMMODITY,commodity,relative,-3.0,percent,negative,"Simultaneous project-authored assumption: commodity decline; illustrative direction and magnitude, not observed or calibrated."
project-authored-demo-20261007-v1,demo-snapshot-generator-v1,hypothetical,MIT; project-authored fictional exercise data,2026-10-07T00:00:00Z,2026-10-07T00:00:00Z,2026-10-04T00:00:00Z,1,scripts/prepare_demo_snapshot.py#demo-indian-credit-v1,hypothetical-exercise-assumptions-v1,demo-hypothetical-shocks-v1,demo-indian-credit-v1,demo-event-credit-v1,demo-news-credit-v1,VOLATILITY,volatility,volatility,4.0,volatility_point,positive,"Simultaneous project-authored assumption: volatility increase; illustrative direction and magnitude, not observed or calibrated."
